"ZIP","Borough","HousCond","IAO","NoiseResid","ConsumProt","Traffic","UrbInf","NoiseBiz","WaterSyst","NoiseConst","Sani","NoiseTraf","EnvProt","SocServ","Violation","Misdemeanor","Felony","medianInc","jlBenef"
"10001_201004","Manhattan","HousCond_[70,200]","H","H","H","L","VH","M","M","H","VH","L","M","L","M","OC","H",45000,1194
"10002_201004","Manhattan","HousCond_[200,350]","H","VH","H","M","VH","H","H","H","VH","H","MH","M","H","OC","VH",20973,3698
"10003_201004","Manhattan","HousCond_[200,350]","H","VH","H","M","VH","H","MH","H","VH","M","MH","MH","M","VH","H",64327,2402
"10004_201004","Manhattan","HousCond_[0,70]","L","L","H","L","H","VL","L","M","L","VL","L","VL","L","M","ML",95096,123
"10005_201004","Manhattan","HousCond_[0,70]","M","L","M","L","M","L","L","L","L","VL","L","VL","L","M","ML",80950,282
"10006_201004","Manhattan","HousCond_[0,70]","L","L","L","L","M","VL","L","M","L","VL","L","VL","L","H","ML",80212,139
"10007_201004","Manhattan","HousCond_[0,70]","M","L","H","L","VH","M","L","H","L","VL","L","VL","M","H","M",142202,233
"10009_201004","Manhattan","HousCond_[200,350]","H","VH","H","M","VH","H","M","M","VH","M","MH","MH","H","OC","VH",39054,3244
"10010_201004","Manhattan","HousCond_[70,200]","M","M","H","L","VH","M","M","M","H","L","L","L","MH","VH","H",70971,1316
"10011_201004","Manhattan","HousCond_[200,350]","H","H","H","M","VH","H","H","H","VH","M","M","MH","MH","OC","VH",69293,2603
"10012_201004","Manhattan","HousCond_[70,200]","H","M","H","L","VH","H","L","M","VH","L","L","M","M","VH","M",57900,941
"10013_201004","Manhattan","HousCond_[70,200]","H","M","H","L","VH","H","MH","M","VH","M","L","L","MH","OC","VH",37019,1070
"10014_201004","Manhattan","HousCond_[200,350]","H","H","H","L","VH","H","MH","M","VH","M","M","M","MH","VH","H",72571,1513
"10016_201004","Manhattan","HousCond_[200,350]","H","H","H","L","VH","H","H","H","VH","L","M","MH","MH","VH","H",67263,2177
"10017_201004","Manhattan","HousCond_[0,70]","MH","L","H","L","VH","L","M","H","L","VL","L","L","L","M","ML",55131,708
"10018_201004","Manhattan","HousCond_[70,200]","MH","L","H","L","VH","VL","M","M","M","VL","L","VL","L","M","ML",48097,376
"10019_201004","Manhattan","HousCond_[200,350]","H","H","H","H","VH","M","MH","H","H","M","M","M","MH","VH","H",60235,2192
"10020_201004","Manhattan","HousCond_[0,70]","L","L","VL","L","L","VL","L","VL","L","VL","L","VL","L","M","ML",NA,NA
"10021_201004","Manhattan","HousCond_[70,200]","H","M","H","L","VH","L","L","M","H","L","H","L","L","M","ML",81375,1597
"10022_201004","Manhattan","HousCond_[70,200]","MH","M","H","L","VH","L","M","H","H","VL","L","L","M","VH","H",85520,1238
"10023_201004","Manhattan","HousCond_[200,350]","H","H","H","M","VH","L","M","H","H","L","MH","MH","MH","VH","H",78822,2795
"10024_201004","Manhattan","HousCond_[200,350]","MH","H","H","L","VH","M","L","M","VH","M","MH","MH","L","M","ML",71417,2622
"10025_201004","Manhattan","HousCond_[350,1789]","H","VH","H","L","VH","M","M","H","VH","M","MH","MH","M","H","M",46564,4380
"10026_201004","Manhattan","HousCond_[200,350]","M","VH","M","L","H","M","L","M","H","M","L","M","H","OC","H",28909,2074
"10027_201004","Manhattan","HousCond_[350,1789]","MH","VH","H","L","VH","H","MH","M","VH","M","MH","MH","H","OC","VH",25621,2802
"10028_201004","Manhattan","HousCond_[200,350]","H","M","H","L","VH","H","L","M","H","VL","M","M","MH","VH","H",71147,1806
"10029_201004","Manhattan","HousCond_[350,1789]","H","VH","H","M","VH","M","H","M","H","M","M","MH","H","OC","VH",24107,3621
"10030_201004","Manhattan","HousCond_[200,350]","L","H","L","L","M","L","L","VL","H","VL","L","MH","M","M","M",24236,1614
"10031_201004","Manhattan","HousCond_[350,1789]","MH","VH","H","L","VH","M","MH","L","VH","M","L","MH","MH","OC","H",22204,3362
"10032_201004","Manhattan","HousCond_[350,1789]","MH","VH","M","L","VH","M","L","L","VH","H","L","MH","MH","OC","VH",23847,3424
"10033_201004","Manhattan","HousCond_[350,1789]","L","VH","M","L","VH","M","L","L","VH","M","M","MH","L","M","ML",24973,3366
"10034_201004","Manhattan","HousCond_[350,1789]","MH","VH","L","L","VH","H","M","M","H","M","L","MH","L","H","M",24802,2537
"10035_201004","Manhattan","HousCond_[200,350]","M","H","H","L","VH","M","M","M","H","L","L","MH","H","OC","VH",23444,1682
"10036_201004","Manhattan","HousCond_[200,350]","MH","M","H","M","VH","M","M","H","H","L","L","M","H","OC","VH",45804,1856
"10037_201004","Manhattan","HousCond_[70,200]","L","H","M","L","M","L","L","L","L","VL","L","M","MH","VH","H",33107,1077
"10038_201004","Manhattan","HousCond_[0,70]","MH","L","H","L","VH","L","L","H","M","VL","L","VL","M","H","M",41659,896
"10039_201004","Manhattan","HousCond_[200,350]","L","H","L","L","M","L","L","VL","L","VL","L","M","H","VH","H",24359,1480
"10040_201004","Manhattan","HousCond_[350,1789]","L","VH","L","L","VH","M","M","M","H","M","L","M","M","VH","H",24878,2629
"10044_201004","Manhattan","HousCond_[0,70]","L","L","L","L","L","VL","L","VL","L","VL","L","VL","L","M","ML",47861,385
"10065_201004","Manhattan","HousCond_[70,200]","MH","L","H","L","VH","L","M","M","H","L","M","MH","M","VH","H",76532,1026
"10069_201004","Manhattan","HousCond_[0,70]","L","L","VL","L","L","VL","L","L","L","VL","L","VL","M","M","ML",139884,184
"10075_201004","Manhattan","HousCond_[0,70]","M","L","H","L","H","L","L","L","M","VL","L","L","M","H","H",74570,1018
"10123_201004","Manhattan","HousCond_[0,70]","L","L","VL","L","L","VL","L","VL","L","VL","L","VL","L","M","ML",NA,NA
"10128_201004","Manhattan","HousCond_[200,350]","M","H","H","L","VH","M","M","H","H","L","MH","M","M","VH","M",66337,2479
"10280_201004","Manhattan","HousCond_[0,70]","L","L","VL","L","L","VL","L","L","L","VL","L","VL","L","M","ML",99712,346
"10281_201004","Manhattan","HousCond_[0,70]","L","L","VL","L","L","VL","L","VL","L","VL","L","VL","L","M","ML",NA,NA
"10282_201004","Manhattan","HousCond_[0,70]","L","L","VL","L","L","VL","L","L","L","VL","L","VL","L","M","ML",163673,130
"10301_201004","Staten Island","HousCond_[200,350]","H","H","L","M","VH","M","H","L","VH","VL","H","MH","MH","VH","M",38792,1573
"10302_201004","Staten Island","HousCond_[70,200]","M","L","L","M","VH","L","H","L","H","VL","H","MH","L","M","ML",33832,746
"10303_201004","Staten Island","HousCond_[70,200]","L","H","L","M","VH","VL","M","VL","H","VL","M","MH","L","M","ML",31457,1191
"10304_201004","Staten Island","HousCond_[70,200]","MH","M","L","M","VH","VL","H","VL","VH","L","H","MH","H","VH","M",33140,1825
"10305_201004","Staten Island","HousCond_[70,200]","H","M","L","H","VH","M","H","VL","VH","VL","H","M","H","OC","H",41153,2044
"10306_201004","Staten Island","HousCond_[70,200]","H","M","L","M","VH","VL","H","L","VH","VL","H","M","H","VH","M",46786,2913
"10307_201004","Staten Island","HousCond_[0,70]","L","L","VL","L","H","VL","M","VL","M","VL","MH","VL","M","H","ML",53953,679
"10308_201004","Staten Island","HousCond_[0,70]","MH","L","VL","M","VH","VL","MH","VL","VH","VL","H","M","M","M","ML",54194,1493
"10309_201004","Staten Island","HousCond_[70,200]","MH","L","VL","M","VH","VL","H","L","H","L","H","VL","MH","H","M",54143,1677
"10310_201004","Staten Island","HousCond_[70,200]","M","M","L","L","VH","L","MH","VL","H","VL","MH","MH","MH","VH","H",38351,1018
"10312_201004","Staten Island","HousCond_[70,200]","H","M","VL","H","VH","VL","H","L","VH","VL","H","L","MH","VH","M",54855,3199
"10314_201004","Staten Island","HousCond_[70,200]","H","M","M","VH","VH","L","H","L","VH","L","H","MH","H","OC","H",46122,4186
"10451_201004","Bronx","HousCond_[350,1789]","M","H","H","M","VH","L","L","M","VH","M","L","MH","H","OC","H",22846,2421
"10452_201004","Bronx","HousCond_[350,1789]","M","VH","L","M","VH","H","M","VL","VH","VL","L","MH","MH","OC","H",21436,3916
"10453_201004","Bronx","HousCond_[350,1789]","M","VH","L","M","VH","M","M","VL","VH","M","M","MH","H","OC","VH",21086,4080
"10454_201004","Bronx","HousCond_[200,350]","M","H","VL","L","VH","M","M","L","VH","L","L","MH","H","OC","VH",19613,1679
"10455_201004","Bronx","HousCond_[350,1789]","M","H","M","L","VH","L","M","VL","VH","VL","L","MH","H","OC","VH",20305,2057
"10456_201004","Bronx","HousCond_[350,1789]","MH","VH","L","M","VH","L","MH","VL","VH","L","M","MH","H","OC","VH",19749,4333
"10457_201004","Bronx","HousCond_[350,1789]","H","VH","L","M","VH","L","M","VL","VH","M","L","MH","H","OC","VH",20364,3322
"10458_201004","Bronx","HousCond_[350,1789]","M","VH","H","M","VH","L","M","VL","VH","M","MH","MH","H","OC","VH",21770,3385
"10459_201004","Bronx","HousCond_[350,1789]","M","H","L","M","VH","VL","M","L","VH","VL","L","MH","MH","OC","VH",21222,2430
"10460_201004","Bronx","HousCond_[350,1789]","L","VH","L","M","VH","L","M","VL","VH","VL","L","MH","H","OC","VH",21625,2704
"10461_201004","Bronx","HousCond_[200,350]","H","H","L","H","VH","L","H","L","VH","L","H","MH","H","OC","VH",35577,2316
"10462_201004","Bronx","HousCond_[350,1789]","H","VH","M","VH","VH","M","M","M","VH","L","H","MH","MH","VH","H",31582,3910
"10463_201004","Bronx","HousCond_[350,1789]","H","VH","L","M","VH","M","H","L","VH","L","H","MH","M","VH","H",35695,3258
"10464_201004","Bronx","HousCond_[0,70]","L","L","VL","L","M","VL","L","VL","L","VL","L","VL","L","M","ML",50786,194
"10465_201004","Bronx","HousCond_[0,70]","MH","M","VL","H","VH","L","MH","L","VH","VL","H","L","H","VH","H",41557,2153
"10466_201004","Bronx","HousCond_[350,1789]","H","H","M","VH","VH","L","H","L","VH","L","H","MH","MH","VH","H",27142,3226
"10467_201004","Bronx","HousCond_[350,1789]","MH","VH","M","H","VH","H","MH","M","VH","M","MH","MH","H","OC","VH",24748,4406
"10468_201004","Bronx","HousCond_[350,1789]","MH","VH","M","M","VH","L","M","VL","VH","M","MH","MH","MH","OC","H",22821,3430
"10469_201004","Bronx","HousCond_[200,350]","H","H","M","VH","VH","VL","H","L","VH","L","H","MH","H","OC","VH",30886,2988
"10470_201004","Bronx","HousCond_[70,200]","L","L","VL","M","VH","VL","L","VL","M","VL","L","MH","L","M","ML",35366,684
"10471_201004","Bronx","HousCond_[0,70]","L","L","VL","M","VH","L","MH","VL","M","VL","M","L","L","M","ML",54072,850
"10472_201004","Bronx","HousCond_[350,1789]","H","VH","L","M","VH","H","MH","L","H","M","M","MH","H","OC","VH",22094,2967
"10473_201004","Bronx","HousCond_[70,200]","M","H","M","H","VH","VL","L","VL","VH","VL","M","MH","H","OC","VH",28074,3254
"10474_201004","Bronx","HousCond_[200,350]","L","M","VL","L","VH","VL","L","VL","H","VL","L","MH","MH","OC","H",20530,532
"10475_201004","Bronx","HousCond_[0,70]","L","L","M","M","VH","VL","L","VL","L","VL","L","L","M","M","M",38373,1957
"11004_201004","Queens","HousCond_[0,70]","L","L","VL","L","H","VL","MH","L","M","VL","MH","VL","L","M","ML",47602,557
"11101_201004","Queens","HousCond_[70,200]","H","M","H","VH","VH","M","H","M","VH","VL","MH","VL","H","OC","VH",29017,1617
"11102_201004","Queens","HousCond_[70,200]","MH","M","M","H","VH","M","MH","L","H","M","L","M","L","H","ML",31645,1893
"11103_201004","Queens","HousCond_[70,200]","MH","M","H","M","VH","M","MH","M","H","VL","MH","M","M","H","ML",30275,2036
"11104_201004","Queens","HousCond_[200,350]","M","M","L","L","H","L","L","VL","H","L","M","MH","MH","H","M",31026,1590
"11105_201004","Queens","HousCond_[70,200]","M","H","M","H","VH","M","H","VL","VH","L","MH","L","M","H","ML",34286,2085
"11106_201004","Queens","HousCond_[70,200]","M","H","M","M","VH","H","M","L","H","L","M","L","M","H","M",31061,2194
"11201_201004","Brooklyn","HousCond_[70,200]","H","H","H","H","VH","M","MH","H","VH","M","M","M","H","OC","H",61268,2471
"11203_201004","Brooklyn","HousCond_[350,1789]","MH","H","M","VH","VH","M","MH","L","VH","L","H","MH","H","OC","VH",28367,3802
"11204_201004","Brooklyn","HousCond_[200,350]","H","H","L","VH","VH","VL","H","L","VH","M","H","MH","MH","VH","H",23704,2957
"11205_201004","Brooklyn","HousCond_[200,350]","M","H","M","M","VH","L","M","L","VH","L","M","M","M","VH","H",30362,1827
"11206_201004","Brooklyn","HousCond_[350,1789]","H","VH","H","H","VH","H","H","M","VH","H","MH","MH","M","H","M",21374,3964
"11207_201004","Brooklyn","HousCond_[350,1789]","H","VH","H","H","VH","L","H","VL","VH","L","H","MH","H","OC","VH",22315,4756
"11208_201004","Brooklyn","HousCond_[350,1789]","H","VH","L","VH","VH","M","H","L","VH","L","H","MH","MH","OC","VH",21802,4794
"11209_201004","Brooklyn","HousCond_[350,1789]","H","H","M","H","VH","H","MH","L","VH","L","H","MH","MH","VH","H",41833,3182
"11210_201004","Brooklyn","HousCond_[350,1789]","MH","H","M","VH","VH","M","MH","L","VH","L","H","MH","M","H","H",31271,2744
"11211_201004","Brooklyn","HousCond_[350,1789]","H","VH","H","H","VH","H","MH","M","VH","H","H","M","H","OC","VH",28602,3848
"11212_201004","Brooklyn","HousCond_[350,1789]","MH","VH","M","H","VH","L","MH","L","VH","L","M","MH","L","H","M",22489,4390
"11213_201004","Brooklyn","HousCond_[350,1789]","MH","VH","L","M","VH","L","M","L","VH","L","MH","MH","L","M","ML",23398,3051
"11214_201004","Brooklyn","HousCond_[350,1789]","H","H","M","VH","VH","L","H","L","VH","VL","MH","MH","H","OC","H",25688,4059
"11215_201004","Brooklyn","HousCond_[200,350]","H","H","H","H","VH","H","MH","M","VH","M","H","M","MH","VH","H",48671,3263
"11216_201004","Brooklyn","HousCond_[350,1789]","MH","H","H","M","VH","L","M","VL","VH","M","MH","MH","H","OC","VH",25289,3042
"11217_201004","Brooklyn","HousCond_[70,200]","H","H","H","M","VH","H","M","M","VH","L","MH","M","MH","VH","H",46486,1996
"11218_201004","Brooklyn","HousCond_[350,1789]","M","H","M","VH","VH","M","MH","M","VH","L","H","MH","M","H","M",28170,2816
"11219_201004","Brooklyn","HousCond_[350,1789]","H","M","L","H","VH","L","H","M","VH","VL","H","MH","M","H","M",19435,2133
"11220_201004","Brooklyn","HousCond_[350,1789]","H","H","H","VH","VH","M","H","M","VH","M","MH","M","H","OC","VH",18070,3457
"11221_201004","Brooklyn","HousCond_[350,1789]","H","VH","L","VH","VH","L","H","L","VH","M","H","MH","H","OC","VH",22421,4093
"11222_201004","Brooklyn","HousCond_[200,350]","H","M","M","L","VH","H","MH","M","VH","L","MH","L","M","H","M",34578,2743
"11223_201004","Brooklyn","HousCond_[200,350]","H","H","L","VH","VH","M","H","L","VH","L","H","MH","M","VH","H",25810,3027
"11224_201004","Brooklyn","HousCond_[200,350]","M","H","L","L","VH","L","M","VL","VH","L","L","MH","H","OC","VH",24576,2232
"11225_201004","Brooklyn","HousCond_[350,1789]","MH","VH","M","M","VH","L","M","L","VH","M","MH","MH","MH","VH","H",27710,3151
"11226_201004","Brooklyn","HousCond_[350,1789]","H","VH","M","VH","VH","M","H","M","VH","M","H","MH","H","OC","VH",24048,5425
"11228_201004","Brooklyn","HousCond_[0,70]","H","L","VL","H","VH","VL","MH","L","VH","VL","H","VL","H","VH","H",34916,1737
"11229_201004","Brooklyn","HousCond_[350,1789]","H","H","L","VH","VH","M","H","L","VH","VL","H","MH","H","OC","H",33407,3434
"11230_201004","Brooklyn","HousCond_[350,1789]","H","H","M","VH","VH","VL","H","M","VH","L","H","MH","M","VH","H",28377,2809
"11231_201004","Brooklyn","HousCond_[70,200]","MH","M","M","M","VH","L","M","M","VH","M","MH","L","MH","VH","H",45892,1960
"11232_201004","Brooklyn","HousCond_[70,200]","M","M","L","M","VH","L","L","VL","H","L","M","L","M","VH","H",23020,1092
"11233_201004","Brooklyn","HousCond_[350,1789]","MH","H","M","M","VH","L","MH","L","VH","H","MH","MH","H","OC","VH",24132,3433
"11234_201004","Brooklyn","HousCond_[200,350]","H","M","H","VH","VH","M","H","M","VH","L","H","M","H","OC","VH",39585,4114
"11235_201004","Brooklyn","HousCond_[350,1789]","H","H","M","VH","VH","L","H","H","VH","L","H","MH","MH","VH","H",30584,3297
"11236_201004","Brooklyn","HousCond_[200,350]","H","H","M","VH","VH","L","H","L","VH","VL","H","MH","H","OC","VH",30810,4877
"11237_201004","Brooklyn","HousCond_[350,1789]","MH","H","M","M","VH","H","MH","L","VH","M","H","MH","L","M","ML",20665,2220
"11238_201004","Brooklyn","HousCond_[350,1789]","H","H","H","M","VH","H","M","H","VH","H","H","MH","MH","OC","VH",38846,3017
"11239_201004","Brooklyn","HousCond_[0,70]","L","L","VL","L","L","VL","L","VL","L","VL","L","VL","L","H","M",32222,689
"11249_201004","Brooklyn","HousCond_[0,70]","L","L","VL","L","L","L","L","M","L","VL","L","VL","MH","VH","H",NA,NA
"11354_201004","Queens","HousCond_[70,200]","H","M","M","H","VH","L","H","L","VH","L","M","MH","M","H","M",22372,1685
"11355_201004","Queens","HousCond_[200,350]","MH","H","L","VH","VH","L","H","L","VH","VL","H","MH","MH","OC","VH",18754,2529
"11356_201004","Queens","HousCond_[70,200]","M","L","VL","H","VH","VL","H","VL","H","L","M","VL","M","H","M",27671,1075
"11357_201004","Queens","HousCond_[70,200]","M","L","VL","H","VH","L","H","VL","H","L","H","VL","M","M","ML",47213,1658
"11358_201004","Queens","HousCond_[70,200]","MH","M","L","M","VH","L","H","L","VH","VL","H","VL","L","H","M",35127,1398
"11359_201004","Queens","HousCond_[0,70]","L","L","VL","L","L","VL","L","VL","L","VL","L","VL","L","M","ML",NA,NA
"11360_201004","Queens","HousCond_[0,70]","M","L","VL","L","VH","VL","L","VL","L","VL","M","VL","M","M","ML",54824,791
"11361_201004","Queens","HousCond_[0,70]","M","L","L","M","VH","L","MH","L","H","VL","H","L","M","H","H",41020,1108
"11362_201004","Queens","HousCond_[0,70]","M","L","VL","L","VH","VL","MH","VL","L","VL","MH","VL","L","M","ML",48946,637
"11363_201004","Queens","HousCond_[0,70]","L","L","VL","L","H","VL","L","L","L","VL","M","VL","L","M","ML",54734,228
"11364_201004","Queens","HousCond_[0,70]","L","L","VL","M","VH","VL","H","VL","M","L","H","M","L","M","ML",43360,1367
"11365_201004","Queens","HousCond_[70,200]","M","H","L","M","VH","VL","H","VL","VH","VL","MH","L","M","H","M",35625,1974
"11366_201004","Queens","HousCond_[0,70]","M","L","VL","L","VH","VL","M","VL","M","VL","MH","VL","M","H","M",38451,505
"11367_201004","Queens","HousCond_[200,350]","MH","M","L","M","VH","VL","MH","L","VH","VL","H","L","M","H","M",34111,1549
"11368_201004","Queens","HousCond_[200,350]","M","H","M","VH","VH","M","H","L","VH","L","MH","MH","MH","OC","VH",20961,3495
"11369_201004","Queens","HousCond_[70,200]","M","M","H","M","VH","L","M","VL","VH","VL","MH","L","M","H","ML",24680,1491
"11370_201004","Queens","HousCond_[0,70]","M","L","VL","M","H","VL","M","L","H","VL","MH","L","L","M","ML",26869,1115
"11372_201004","Queens","HousCond_[200,350]","H","H","H","M","VH","H","H","M","VH","L","MH","MH","MH","OC","H",24893,3111
"11373_201004","Queens","HousCond_[350,1789]","H","H","H","VH","VH","M","H","M","VH","VL","MH","MH","H","OC","VH",21179,3614
"11374_201004","Queens","HousCond_[70,200]","MH","M","M","M","VH","VL","L","VL","H","L","MH","M","M","H","M",37247,2135
"11375_201004","Queens","HousCond_[350,1789]","H","H","H","M","VH","M","H","L","VH","L","H","MH","MH","H","M",50840,3403
"11377_201004","Queens","HousCond_[200,350]","MH","VH","H","VH","VH","M","H","M","VH","VL","H","L","MH","OC","H",23728,3763
"11378_201004","Queens","HousCond_[70,200]","H","M","L","VH","VH","L","H","M","VH","VL","H","L","L","H","M",34326,1882
"11379_201004","Queens","HousCond_[0,70]","M","L","VL","H","VH","VL","MH","L","H","L","H","VL","MH","VH","H",42366,1914
"11385_201004","Queens","HousCond_[350,1789]","H","H","M","VH","VH","M","H","L","VH","M","H","MH","H","OC","VH",28041,5620
"11411_201004","Queens","HousCond_[0,70]","M","L","VL","L","VH","VL","MH","VL","H","VL","MH","L","L","M","M",37530,1003
"11412_201004","Queens","HousCond_[70,200]","M","L","VL","H","VH","VL","H","VL","VH","L","H","MH","L","H","M",31320,1815
"11413_201004","Queens","HousCond_[70,200]","H","M","L","H","VH","VL","H","VL","H","VL","H","MH","L","M","ML",34708,1870
"11414_201004","Queens","HousCond_[70,200]","MH","L","VL","M","VH","VL","H","L","M","VL","MH","M","MH","H","M",45105,1508
"11415_201004","Queens","HousCond_[70,200]","L","L","VL","L","H","M","M","VL","M","VL","L","M","L","M","ML",41294,924
"11416_201004","Queens","HousCond_[70,200]","M","M","VL","M","H","L","M","VL","H","VL","M","MH","MH","VH","H",24474,1333
"11417_201004","Queens","HousCond_[70,200]","MH","L","L","H","VH","L","H","L","VH","VL","H","MH","L","M","ML",28449,1576
"11418_201004","Queens","HousCond_[200,350]","MH","M","M","VH","VH","M","H","VL","VH","L","H","MH","MH","VH","M",25326,1679
"11419_201004","Queens","HousCond_[200,350]","MH","H","L","VH","VH","VL","H","L","VH","M","MH","MH","H","VH","H",23058,2078
"11420_201004","Queens","HousCond_[200,350]","MH","M","L","H","VH","L","H","VL","VH","VL","H","MH","M","H","H",28052,2133
"11421_201004","Queens","HousCond_[70,200]","M","M","VL","H","VH","L","H","VL","H","VL","MH","MH","M","H","M",26032,2148
"11422_201004","Queens","HousCond_[70,200]","M","L","VL","M","VH","L","H","VL","VH","VL","H","MH","MH","VH","M",35442,1576
"11423_201004","Queens","HousCond_[200,350]","M","M","L","M","VH","VL","H","VL","H","L","M","MH","M","H","M",30158,1440
"11426_201004","Queens","HousCond_[0,70]","M","L","VL","L","VH","VL","MH","L","M","VL","H","VL","L","M","ML",42741,717
"11427_201004","Queens","HousCond_[70,200]","L","L","VL","L","VH","VL","H","VL","M","VL","MH","L","L","M","ML",37599,1046
"11428_201004","Queens","HousCond_[0,70]","M","L","L","M","H","VL","H","VL","H","VL","MH","M","L","M","M",32951,957
"11429_201004","Queens","HousCond_[70,200]","M","L","L","M","VH","VL","H","L","H","VL","H","MH","MH","H","H",31555,1159
"11430_201004","Queens","HousCond_[0,70]","L","L","H","L","H","VL","L","VL","L","VL","L","VL","M","M","ML",42593,20
"11432_201004","Queens","HousCond_[200,350]","MH","M","H","H","VH","L","H","L","VH","VL","H","MH","MH","H","M",25280,2179
"11433_201004","Queens","HousCond_[200,350]","M","M","L","H","VH","VL","H","VL","VH","VL","MH","MH","H","OC","VH",24332,1529
"11434_201004","Queens","HousCond_[200,350]","H","L","M","H","VH","L","H","VL","VH","VL","H","MH","H","OC","VH",31189,2971
"11435_201004","Queens","HousCond_[200,350]","MH","M","H","VH","VH","L","H","VL","VH","VL","MH","MH","MH","VH","H",26259,2463
"11436_201004","Queens","HousCond_[70,200]","L","L","VL","M","VH","VL","MH","VL","H","VL","M","MH","L","M","ML",28472,892
"11691_201004","Queens","HousCond_[350,1789]","M","M","L","M","VH","VL","H","VL","VH","L","H","MH","H","VH","H",25473,2163
"11692_201004","Queens","HousCond_[70,200]","L","L","VL","L","VH","VL","L","VL","M","VL","L","MH","M","H","M",25292,891
"11693_201004","Queens","HousCond_[0,70]","L","L","VL","L","VH","VL","MH","L","L","VL","L","L","M","H","M",34858,717
"11694_201004","Queens","HousCond_[0,70]","MH","L","VL","L","VH","VL","H","L","L","VL","M","L","M","H","ML",47927,873
"11697_201004","Queens","HousCond_[0,70]","L","L","VL","L","L","VL","L","VL","L","VL","L","VL","L","M","ML",64674,161
"99999_201004","99999","HousCond_[350,1789]","H","L","H","L","VH","VL","L","L","H","VL","L","MH","L","M","ML",NA,NA
"10001_201404","Manhattan","HousCond_[0,70]","H","M","H","L","H","M","M","H","H","L","L","M","M","OC","H",58514,600
"10002_201404","Manhattan","HousCond_[0,70]","H","VH","H","M","VH","H","MH","H","H","H","M","M","H","OC","VH",23217,1600
"10003_201404","Manhattan","HousCond_[0,70]","H","VH","H","H","VH","H","H","H","VH","H","MH","MH","L","H","M",81530,1040
"10004_201404","Manhattan","HousCond_[0,70]","L","L","H","L","M","VL","L","M","L","L","L","VL","L","M","ML",128571,70
"10005_201404","Manhattan","HousCond_[0,70]","L","L","L","L","M","L","L","H","L","M","L","L","L","M","ML",97669,150
"10006_201404","Manhattan","HousCond_[0,70]","L","L","L","L","L","VL","L","M","L","L","L","VL","L","H","ML",93056,60
"10007_201404","Manhattan","HousCond_[0,70]","L","L","H","L","H","VL","L","H","M","L","L","VL","M","H","M",185593,110
"10009_201404","Manhattan","HousCond_[0,70]","M","VH","H","M","H","H","MH","H","H","H","H","MH","H","OC","VH",46931,1510
"10010_201404","Manhattan","HousCond_[70,200]","H","M","H","L","H","M","H","H","L","M","L","M","MH","VH","H",85334,590
"10011_201404","Manhattan","HousCond_[0,70]","H","H","H","M","VH","H","H","H","VH","M","H","MH","MH","OC","VH",90505,1180
"10012_201404","Manhattan","HousCond_[0,70]","MH","H","H","L","H","H","H","H","H","H","L","M","M","H","H",75996,400
"10013_201404","Manhattan","HousCond_[0,70]","M","M","H","H","VH","H","MH","H","H","H","M","L","MH","OC","VH",60115,410
"10014_201404","Manhattan","HousCond_[0,70]","MH","H","H","M","VH","H","MH","H","H","H","M","MH","M","VH","H",93750,670
"10016_201404","Manhattan","HousCond_[0,70]","H","H","H","M","VH","H","MH","H","H","H","MH","MH","M","VH","H",79156,960
"10017_201404","Manhattan","HousCond_[0,70]","M","L","H","M","H","M","M","H","L","L","L","L","L","M","ML",95992,340
"10018_201404","Manhattan","HousCond_[0,70]","M","L","H","L","H","M","L","H","L","L","L","L","L","M","ML",69231,220
"10019_201404","Manhattan","HousCond_[0,70]","H","M","H","M","VH","H","M","H","M","H","MH","MH","MH","VH","H",76800,1090
"10020_201404","Manhattan","HousCond_[0,70]","L","L","VL","L","L","VL","L","VL","L","VL","L","VL","L","M","ML",NA,NA
"10021_201404","Manhattan","HousCond_[0,70]","H","M","H","M","VH","M","L","H","L","M","M","MH","L","M","ML",96913,690
"10022_201404","Manhattan","HousCond_[0,70]","H","L","H","M","VH","M","M","H","M","H","L","MH","M","VH","H",110248,530
"10023_201404","Manhattan","HousCond_[0,70]","H","H","H","M","VH","M","MH","H","M","H","MH","MH","MH","VH","H",98024,1360
"10024_201404","Manhattan","HousCond_[0,70]","H","VH","H","M","H","H","L","H","H","H","M","MH","L","M","ML",90742,1110
"10025_201404","Manhattan","HousCond_[0,70]","H","VH","H","M","H","H","M","H","M","H","M","MH","MH","H","M",55860,2140
"10026_201404","Manhattan","HousCond_[0,70]","L","VH","M","L","M","M","L","H","M","H","L","M","H","OC","H",33735,1110
"10027_201404","Manhattan","HousCond_[0,70]","L","VH","H","H","M","H","L","M","M","H","M","M","H","OC","VH",29808,1520
"10028_201404","Manhattan","HousCond_[0,70]","MH","M","H","L","VH","H","L","H","M","M","L","M","L","H","M",87500,780
"10029_201404","Manhattan","HousCond_[0,70]","H","VH","H","M","H","H","M","H","H","H","M","MH","H","OC","VH",25193,1950
"10030_201404","Manhattan","HousCond_[0,70]","L","VH","L","L","L","L","L","M","L","H","L","L","L","M","ML",24222,950
"10031_201404","Manhattan","HousCond_[0,70]","MH","VH","M","L","L","H","L","M","M","H","M","MH","M","VH","M",24113,1780
"10032_201404","Manhattan","HousCond_[0,70]","M","VH","M","L","M","M","L","M","H","H","L","MH","MH","VH","H",23243,1880
"10033_201404","Manhattan","HousCond_[0,70]","MH","VH","H","L","L","H","L","M","M","H","M","MH","L","M","ML",24333,1730
"10034_201404","Manhattan","HousCond_[0,70]","L","VH","M","M","L","H","L","M","L","H","L","M","L","H","M",25182,1330
"10035_201404","Manhattan","HousCond_[0,70]","M","H","H","M","M","L","L","L","M","M","M","M","H","OC","VH",24819,860
"10036_201404","Manhattan","HousCond_[0,70]","MH","M","H","M","VH","H","MH","H","H","M","M","L","H","OC","VH",63189,990
"10037_201404","Manhattan","HousCond_[0,70]","L","M","L","L","L","VL","M","L","L","M","L","M","H","VH","H",33099,700
"10038_201404","Manhattan","HousCond_[0,70]","MH","M","M","L","H","L","L","H","M","L","L","VL","M","H","M",57485,430
"10039_201404","Manhattan","HousCond_[0,70]","L","VH","VL","L","L","VL","L","VL","L","M","L","L","MH","VH","H",23951,890
"10040_201404","Manhattan","HousCond_[0,70]","L","VH","L","L","L","H","L","L","L","H","M","M","MH","VH","H",25479,1440
"10044_201404","Manhattan","HousCond_[0,70]","L","L","VL","L","L","VL","L","VL","L","VL","L","L","L","M","ML",55952,150
"10065_201404","Manhattan","HousCond_[0,70]","M","L","H","L","M","H","M","H","L","L","M","MH","M","VH","H",92955,450
"10069_201404","Manhattan","HousCond_[0,70]","L","L","VL","L","L","VL","L","VL","L","VL","L","VL","L","M","ML",174038,90
"10075_201404","Manhattan","HousCond_[0,70]","M","L","M","L","M","M","L","H","L","L","L","VL","M","H","H",90981,410
"10128_201404","Manhattan","HousCond_[0,70]","M","H","H","M","H","H","M","H","M","H","MH","M","M","H","M",78357,1170
"10280_201404","Manhattan","HousCond_[0,70]","L","L","VL","L","L","VL","L","L","L","VL","L","VL","L","M","ML",124370,160
"10282_201404","Manhattan","HousCond_[0,70]","L","L","VL","L","L","VL","L","M","L","VL","L","VL","L","M","ML",NA,60
"10301_201404","Staten Island","HousCond_[0,70]","MH","H","L","H","H","L","H","VL","VH","L","H","M","MH","VH","M",39562,910
"10302_201404","Staten Island","HousCond_[0,70]","L","L","VL","L","M","VL","MH","L","M","VL","L","L","L","M","ML",32514,400
"10303_201404","Staten Island","HousCond_[0,70]","L","M","L","M","L","VL","MH","VL","VH","L","L","L","M","M","ML",30249,660
"10304_201404","Staten Island","HousCond_[0,70]","M","H","VL","M","H","M","H","L","VH","VL","MH","VL","MH","H","M",33205,970
"10305_201404","Staten Island","HousCond_[0,70]","H","M","VL","H","VH","VL","H","M","VH","VL","H","L","H","VH","H",42462,1070
"10306_201404","Staten Island","HousCond_[0,70]","H","M","L","H","VH","L","H","M","VH","L","H","M","H","VH","H",49248,1560
"10307_201404","Staten Island","HousCond_[0,70]","L","L","VL","L","L","L","L","VL","L","VL","MH","VL","M","M","ML",58642,380
"10308_201404","Staten Island","HousCond_[0,70]","M","L","VL","M","H","VL","MH","VL","H","VL","H","VL","L","M","ML",56439,790
"10309_201404","Staten Island","HousCond_[0,70]","M","M","VL","M","VH","L","H","L","H","VL","MH","VL","MH","VH","M",57735,910
"10310_201404","Staten Island","HousCond_[0,70]","M","M","VL","M","M","L","M","L","H","L","MH","L","MH","VH","M",38466,560
"10312_201404","Staten Island","HousCond_[0,70]","H","M","VL","VH","VH","L","H","M","VH","L","H","VL","M","H","M",57629,1700
"10314_201404","Staten Island","HousCond_[0,70]","H","M","L","VH","VH","L","H","M","VH","L","H","M","H","OC","VH",48289,2160
"10451_201404","Bronx","HousCond_[0,70]","MH","VH","M","M","M","H","M","M","L","M","L","M","H","OC","VH",22524,1450
"10452_201404","Bronx","HousCond_[0,70]","L","VH","M","H","M","L","MH","L","M","H","M","MH","MH","OC","H",20000,2220
"10453_201404","Bronx","HousCond_[0,70]","L","VH","L","H","M","M","M","L","M","M","M","MH","MH","OC","H",19228,2430
"10454_201404","Bronx","HousCond_[0,70]","M","H","L","L","L","L","M","M","M","VL","L","L","H","OC","VH",19165,970
"10455_201404","Bronx","HousCond_[0,70]","L","H","L","M","L","L","L","VL","L","L","L","M","H","OC","VH",20284,1140
"10456_201404","Bronx","HousCond_[0,70]","L","VH","M","H","L","L","L","M","M","M","M","MH","H","OC","VH",19261,2540
"10457_201404","Bronx","HousCond_[0,70]","M","VH","M","M","M","M","M","L","M","H","L","MH","H","OC","VH",19279,1910
"10458_201404","Bronx","HousCond_[0,70]","M","VH","H","M","M","M","L","M","H","H","M","MH","H","OC","VH",20384,1970
"10459_201404","Bronx","HousCond_[0,70]","L","VH","L","M","L","M","L","VL","M","H","M","M","H","OC","VH",20689,1390
"10460_201404","Bronx","HousCond_[0,70]","L","VH","L","H","M","L","MH","L","M","M","L","MH","H","OC","VH",20235,1590
"10461_201404","Bronx","HousCond_[0,70]","MH","M","M","VH","VH","M","MH","VL","VH","L","MH","M","MH","OC","VH",37438,1290
"10462_201404","Bronx","HousCond_[0,70]","MH","VH","M","VH","H","M","L","M","H","L","MH","MH","M","VH","M",31841,2130
"10463_201404","Bronx","HousCond_[350,1789]","H","VH","L","H","VH","M","MH","L","VH","H","MH","MH","M","VH","M",38138,1860
"10464_201404","Bronx","HousCond_[0,70]","L","L","VL","M","L","VL","L","VL","VH","VL","L","L","L","M","ML",57895,130
"10465_201404","Bronx","HousCond_[0,70]","H","H","VL","VH","VH","L","MH","M","H","M","MH","VL","MH","VH","M",44034,1260
"10466_201404","Bronx","HousCond_[0,70]","MH","VH","L","VH","H","L","MH","L","H","L","H","MH","MH","VH","H",27331,1860
"10467_201404","Bronx","HousCond_[0,70]","MH","VH","M","VH","VH","H","M","M","H","H","H","MH","H","OC","VH",23785,2470
"10468_201404","Bronx","HousCond_[0,70]","MH","VH","M","H","M","L","M","M","M","H","M","MH","M","VH","H",20703,2020
"10469_201404","Bronx","HousCond_[0,70]","M","H","M","VH","H","L","H","M","VH","L","H","MH","H","OC","H",31295,1730
"10470_201404","Bronx","HousCond_[0,70]","L","L","VL","M","L","L","L","VL","L","L","L","L","L","M","ML",35349,400
"10471_201404","Bronx","HousCond_[0,70]","L","L","L","L","M","VL","L","M","M","VL","M","L","L","M","ML",63622,370
"10472_201404","Bronx","HousCond_[0,70]","M","VH","M","H","L","L","M","L","M","M","L","MH","H","OC","VH",21217,1640
"10473_201404","Bronx","HousCond_[0,70]","M","H","M","H","L","VL","M","L","M","L","M","MH","H","OC","VH",27374,1830
"10474_201404","Bronx","HousCond_[0,70]","L","M","VL","L","L","VL","L","VL","L","L","L","VL","H","OC","H",20302,330
"10475_201404","Bronx","HousCond_[0,70]","L","L","L","M","M","VL","M","VL","L","VL","L","L","M","H","ML",39616,980
"11004_201404","Queens","HousCond_[0,70]","M","L","VL","L","L","VL","L","L","L","VL","L","VL","L","M","ML",50350,260
"11101_201404","Queens","HousCond_[0,70]","MH","H","H","VH","VH","H","H","H","H","M","MH","VL","H","OC","VH",40503,990
"11102_201404","Queens","HousCond_[0,70]","M","M","L","VH","M","M","M","M","H","M","M","L","M","H","M",35744,1020
"11103_201404","Queens","HousCond_[0,70]","MH","M","M","VH","M","H","M","L","M","L","M","L","L","M","ML",37657,1070
"11104_201404","Queens","HousCond_[0,70]","M","M","L","M","L","M","H","L","L","VL","L","M","MH","H","M",37677,800
"11105_201404","Queens","HousCond_[0,70]","H","M","L","H","H","L","M","L","H","L","MH","M","M","M","M",40599,1110
"11106_201404","Queens","HousCond_[0,70]","L","H","L","H","L","H","M","M","M","L","M","M","M","H","M",37636,1190
"11201_201404","Brooklyn","HousCond_[0,70]","H","H","H","VH","VH","H","H","H","VH","H","M","L","H","OC","VH",79339,1310
"11203_201404","Brooklyn","HousCond_[0,70]","MH","H","M","VH","VH","L","H","L","VH","M","H","MH","H","OC","VH",28722,2230
"11204_201404","Brooklyn","HousCond_[0,70]","MH","H","L","VH","H","L","MH","M","VH","M","MH","M","MH","VH","H",24142,1450
"11205_201404","Brooklyn","HousCond_[0,70]","M","H","L","VH","H","H","H","H","H","H","MH","M","MH","VH","H",34790,970
"11206_201404","Brooklyn","HousCond_[0,70]","M","VH","H","VH","M","H","H","H","VH","H","MH","M","M","H","M",23995,2140
"11207_201404","Brooklyn","HousCond_[0,70]","MH","VH","M","VH","VH","M","H","L","VH","M","H","M","H","OC","VH",22369,2720
"11208_201404","Brooklyn","HousCond_[0,70]","MH","VH","M","VH","VH","M","H","M","VH","H","MH","M","H","OC","VH",21726,2650
"11209_201404","Brooklyn","HousCond_[0,70]","MH","H","M","VH","VH","H","MH","M","VH","M","H","MH","MH","VH","H",45591,1520
"11210_201404","Brooklyn","HousCond_[0,70]","MH","H","M","VH","VH","L","MH","M","VH","L","MH","M","M","H","M",32819,1660
"11211_201404","Brooklyn","HousCond_[0,70]","MH","VH","H","H","VH","H","MH","H","VH","H","H","L","H","OC","VH",39800,1450
"11212_201404","Brooklyn","HousCond_[0,70]","M","VH","M","H","H","L","MH","L","VH","M","M","MH","M","H","M",22186,2590
"11213_201404","Brooklyn","HousCond_[0,70]","L","VH","L","H","L","M","M","L","VH","M","M","MH","L","M","ML",24931,1790
"11214_201404","Brooklyn","HousCond_[0,70]","H","M","L","VH","VH","L","H","M","VH","L","H","MH","H","VH","H",26170,1900
"11215_201404","Brooklyn","HousCond_[0,70]","H","H","H","VH","VH","H","M","H","VH","M","H","M","MH","VH","H",67768,1620
"11216_201404","Brooklyn","HousCond_[0,70]","M","VH","M","H","M","H","MH","M","VH","H","H","M","H","OC","VH",32457,1680
"11217_201404","Brooklyn","HousCond_[0,70]","L","M","H","H","H","H","MH","H","H","M","MH","M","MH","VH","H",59625,920
"11218_201404","Brooklyn","HousCond_[0,70]","MH","M","L","VH","H","H","M","M","VH","M","H","MH","L","M","ML",31339,1430
"11219_201404","Brooklyn","HousCond_[0,70]","MH","M","VL","VH","VH","L","MH","L","H","M","MH","L","L","M","ML",19920,1010
"11220_201404","Brooklyn","HousCond_[0,70]","H","H","H","VH","VH","M","MH","M","VH","M","H","MH","MH","OC","VH",17992,1470
"11221_201404","Brooklyn","HousCond_[0,70]","MH","VH","M","H","M","H","MH","M","VH","H","H","MH","H","OC","VH",24854,2240
"11222_201404","Brooklyn","HousCond_[0,70]","M","H","M","H","VH","H","L","M","VH","H","MH","M","L","H","M",45713,1490
"11223_201404","Brooklyn","HousCond_[0,70]","H","H","H","VH","H","M","H","L","VH","L","MH","M","MH","VH","H",26143,1510
"11224_201404","Brooklyn","HousCond_[0,70]","M","M","L","L","M","VL","M","L","M","VL","L","M","MH","OC","VH",24501,1130
"11225_201404","Brooklyn","HousCond_[0,70]","M","VH","M","H","M","M","MH","M","VH","M","MH","MH","MH","H","H",30300,1840
"11226_201404","Brooklyn","HousCond_[0,70]","MH","VH","H","VH","H","H","H","M","VH","H","MH","MH","H","OC","VH",25135,3320
"11228_201404","Brooklyn","HousCond_[0,70]","M","M","VL","H","H","L","MH","L","H","L","M","L","M","H","H",34935,910
"11229_201404","Brooklyn","HousCond_[0,70]","H","H","M","VH","VH","L","H","M","VH","M","H","MH","MH","VH","VH",34534,1670
"11230_201404","Brooklyn","HousCond_[0,70]","MH","H","L","VH","VH","M","H","M","VH","M","H","MH","M","VH","H",30873,1470
"11231_201404","Brooklyn","HousCond_[0,70]","MH","M","H","H","H","M","MH","H","H","M","H","L","M","VH","H",58125,970
"11232_201404","Brooklyn","HousCond_[0,70]","L","M","M","H","H","M","MH","L","H","M","H","L","MH","VH","H",23730,520
"11233_201404","Brooklyn","HousCond_[0,70]","MH","VH","L","M","M","M","H","M","VH","H","MH","MH","H","OC","VH",26001,1980
"11234_201404","Brooklyn","HousCond_[0,70]","H","H","M","VH","VH","H","H","L","VH","L","H","M","H","OC","VH",40849,2320
"11235_201404","Brooklyn","HousCond_[0,70]","H","H","M","VH","VH","L","H","M","VH","L","H","MH","MH","VH","H",31305,1630
"11236_201404","Brooklyn","HousCond_[0,70]","MH","H","M","VH","VH","VL","H","VL","VH","L","H","MH","H","VH","VH",31134,3020
"11237_201404","Brooklyn","HousCond_[0,70]","M","VH","L","H","M","H","M","H","M","H","M","L","L","M","ML",24602,1250
"11238_201404","Brooklyn","HousCond_[0,70]","M","VH","M","H","M","H","MH","H","VH","H","MH","MH","MH","VH","VH",48155,1650
"11239_201404","Brooklyn","HousCond_[0,70]","L","L","VL","L","L","VL","L","VL","L","VL","L","L","L","H","ML",32091,390
"11249_201404","Brooklyn","HousCond_[0,70]","M","H","M","M","M","H","L","H","H","H","M","VL","MH","VH","VH",NA,NA
"11354_201404","Queens","HousCond_[0,70]","H","M","H","H","H","VL","MH","M","H","L","MH","L","M","H","M",21044,910
"11355_201404","Queens","HousCond_[0,70]","H","M","M","VH","H","M","MH","M","VH","L","M","MH","MH","OC","VH",18164,1120
"11356_201404","Queens","HousCond_[0,70]","M","M","L","H","H","L","M","L","H","H","L","L","M","H","M",27203,610
"11357_201404","Queens","HousCond_[0,70]","H","L","VL","H","VH","VL","H","M","H","L","H","L","M","M","ML",50405,890
"11358_201404","Queens","HousCond_[0,70]","MH","L","VL","VH","H","L","MH","L","H","VL","H","L","L","M","ML",34673,670
"11360_201404","Queens","HousCond_[0,70]","MH","L","VL","L","L","VL","L","L","L","VL","M","VL","L","M","ML",62158,380
"11361_201404","Queens","HousCond_[0,70]","MH","L","L","M","H","L","M","L","H","VL","H","VL","M","H","M",42554,560
"11362_201404","Queens","HousCond_[0,70]","H","L","VL","L","VH","VL","M","M","M","VL","M","VL","L","M","ML",53862,330
"11363_201404","Queens","HousCond_[0,70]","L","L","VL","L","L","VL","MH","L","L","VL","L","L","L","M","ML",60465,100
"11364_201404","Queens","HousCond_[0,70]","MH","L","L","M","M","VL","MH","VL","M","VL","MH","L","L","M","M",45846,660
"11365_201404","Queens","HousCond_[0,70]","MH","M","VL","H","H","VL","H","L","H","VL","MH","M","M","H","M",36143,1090
"11366_201404","Queens","HousCond_[0,70]","L","L","VL","M","M","VL","H","L","M","VL","M","VL","L","M","ML",41797,240
"11367_201404","Queens","HousCond_[0,70]","MH","M","L","M","M","L","L","L","H","VL","MH","VL","L","M","ML",34670,770
"11368_201404","Queens","HousCond_[0,70]","H","H","L","VH","H","M","MH","VL","H","M","H","MH","MH","OC","VH",20607,1850
"11369_201404","Queens","HousCond_[0,70]","MH","H","M","VH","L","VL","L","L","M","VL","L","L","L","H","M",23846,840
"11370_201404","Queens","HousCond_[0,70]","M","L","L","H","M","VL","M","VL","M","VL","M","VL","L","H","H",27303,540
"11372_201404","Queens","HousCond_[0,70]","MH","VH","H","H","H","H","M","L","M","H","MH","MH","MH","VH","H",25907,1510
"11373_201404","Queens","HousCond_[0,70]","H","VH","H","VH","H","L","M","M","VH","L","M","MH","MH","OC","VH",22001,1720
"11374_201404","Queens","HousCond_[0,70]","MH","H","L","VH","VH","VL","L","M","L","VL","H","M","M","H","M",41258,1020
"11375_201404","Queens","HousCond_[0,70]","H","H","M","H","VH","L","H","M","H","L","H","MH","M","H","M",59592,1540
"11377_201404","Queens","HousCond_[0,70]","H","H","M","VH","VH","M","MH","M","VH","M","MH","MH","H","VH","H",25912,1940
"11378_201404","Queens","HousCond_[0,70]","H","M","L","VH","VH","L","H","M","H","VL","MH","L","M","H","M",36506,1040
"11379_201404","Queens","HousCond_[0,70]","MH","M","L","VH","M","VL","MH","L","M","L","H","VL","M","VH","M",46604,980
"11385_201404","Queens","HousCond_[0,70]","H","H","M","VH","VH","H","H","M","VH","M","H","M","H","OC","VH",30885,2880
"11411_201404","Queens","HousCond_[0,70]","L","L","VL","L","L","L","M","VL","L","M","MH","VL","M","M","M",38599,570
"11412_201404","Queens","HousCond_[0,70]","M","M","L","M","M","L","H","VL","H","M","MH","L","M","H","M",32419,1050
"11413_201404","Queens","HousCond_[0,70]","M","L","VL","M","M","VL","H","L","H","L","H","VL","L","M","ML",35461,1110
"11414_201404","Queens","HousCond_[0,70]","MH","L","VL","M","H","L","H","VL","H","VL","H","M","MH","H","M",49081,780
"11415_201404","Queens","HousCond_[0,70]","L","M","VL","M","L","M","M","L","L","VL","L","M","L","M","ML",45327,460
"11416_201404","Queens","HousCond_[0,70]","MH","M","L","H","L","L","L","VL","L","L","MH","VL","MH","VH","H",24104,710
"11417_201404","Queens","HousCond_[0,70]","MH","M","VL","H","M","M","M","VL","M","L","MH","VL","L","M","ML",29508,930
"11418_201404","Queens","HousCond_[0,70]","MH","M","L","VH","M","M","H","L","M","M","MH","M","M","H","H",27102,930
"11419_201404","Queens","HousCond_[0,70]","H","VH","M","VH","M","M","H","M","H","H","MH","L","MH","VH","H",23527,1050
"11420_201404","Queens","HousCond_[0,70]","H","M","M","VH","H","L","H","VL","M","L","H","L","M","H","H",29318,1130
"11421_201404","Queens","HousCond_[0,70]","M","H","L","VH","M","M","M","L","L","L","H","L","M","H","M",27144,1190
"11422_201404","Queens","HousCond_[0,70]","L","L","VL","M","L","L","H","L","H","VL","MH","L","M","H","M",36361,870
"11423_201404","Queens","HousCond_[0,70]","M","M","VL","H","M","M","M","L","H","L","M","M","M","M","M",31312,780
"11426_201404","Queens","HousCond_[0,70]","M","L","VL","L","M","VL","M","L","L","VL","M","VL","M","M","M",43238,360
"11427_201404","Queens","HousCond_[0,70]","M","L","VL","M","M","VL","L","VL","L","VL","L","L","L","M","ML",39305,510
"11428_201404","Queens","HousCond_[0,70]","L","M","VL","L","L","L","MH","VL","L","M","M","VL","M","M","M",33907,530
"11429_201404","Queens","HousCond_[0,70]","M","M","VL","M","L","L","M","VL","L","VL","M","L","MH","H","M",31918,690
"11430_201404","Queens","HousCond_[0,70]","L","L","H","L","L","VL","L","VL","L","VL","L","VL","L","M","ML",40625,0
"11432_201404","Queens","HousCond_[0,70]","H","M","H","H","VH","M","MH","L","VH","L","MH","MH","M","H","M",25019,1160
"11433_201404","Queens","HousCond_[0,70]","M","M","L","H","H","L","H","VL","VH","VL","MH","L","H","OC","VH",24135,890
"11434_201404","Queens","HousCond_[0,70]","H","M","M","H","H","L","H","M","VH","M","H","M","H","OC","VH",32680,1690
"11435_201404","Queens","HousCond_[0,70]","M","H","H","H","H","M","MH","M","H","VL","MH","MH","MH","VH","H",27898,1300
"11436_201404","Queens","HousCond_[0,70]","L","L","L","M","L","VL","M","VL","M","VL","M","L","L","M","ML",29488,470
"11691_201404","Queens","HousCond_[0,70]","MH","H","L","M","M","VL","H","L","H","L","MH","M","H","VH","VH",24391,1310
"11692_201404","Queens","HousCond_[0,70]","M","L","VL","L","L","VL","M","L","L","VL","L","VL","M","H","M",25673,510
"11693_201404","Queens","HousCond_[0,70]","L","L","VL","L","L","VL","M","L","L","VL","M","VL","M","M","ML",34300,370
"11694_201404","Queens","HousCond_[0,70]","M","L","VL","L","L","VL","MH","L","M","VL","H","VL","MH","M","ML",50217,470
"11697_201404","Queens","HousCond_[0,70]","L","L","VL","L","L","VL","L","VL","L","VL","L","VL","L","M","ML",68981,90
"99999_201404","99999","HousCond_[0,70]","H","L","VL","L","VH","VL","L","VL","M","VL","L","MH","H","OC","VH",NA,NA
"10001_201804","Manhattan","HousCond_[70,200]","H","H","H","H","VH","H","MH","H","VH","M","MH","MH","M","VH","H",63077,420
"10002_201804","Manhattan","HousCond_[200,350]","H","VH","H","VH","VH","H","H","H","VH","H","MH","MH","H","OC","VH",24894,920
"10003_201804","Manhattan","HousCond_[70,200]","H","VH","H","H","VH","H","H","H","VH","L","H","MH","M","VH","H",86413,640
"10004_201804","Manhattan","HousCond_[0,70]","M","L","L","L","M","VL","L","H","L","VL","L","L","M","H","ML",125000,60
"10005_201804","Manhattan","HousCond_[0,70]","MH","L","M","L","M","VL","L","H","L","H","L","VL","L","M","ML",100735,100
"10006_201804","Manhattan","HousCond_[0,70]","L","L","L","L","L","L","L","H","L","VL","L","M","L","H","ML",100806,50
"10007_201804","Manhattan","HousCond_[0,70]","H","L","M","M","H","M","L","H","L","VL","L","MH","M","H","M",174576,60
"10009_201804","Manhattan","HousCond_[200,350]","H","VH","H","H","VH","H","MH","H","VH","M","MH","MH","H","OC","VH",49944,870
"10010_201804","Manhattan","HousCond_[70,200]","MH","H","H","M","VH","H","L","H","VH","L","L","MH","MH","VH","H",91288,370
"10011_201804","Manhattan","HousCond_[70,200]","H","VH","H","H","VH","H","H","H","VH","H","MH","MH","H","OC","H",95048,750
"10012_201804","Manhattan","HousCond_[70,200]","M","VH","H","M","VH","H","MH","H","VH","M","L","MH","M","VH","M",81996,260
"10013_201804","Manhattan","HousCond_[70,200]","MH","H","H","H","VH","H","H","H","VH","H","L","MH","MH","OC","VH",67638,230
"10014_201804","Manhattan","HousCond_[70,200]","MH","H","H","H","VH","H","MH","H","VH","H","MH","MH","MH","VH","H",100647,440
"10016_201804","Manhattan","HousCond_[70,200]","H","H","H","M","VH","H","MH","H","VH","M","MH","MH","MH","VH","H",81414,640
"10017_201804","Manhattan","HousCond_[0,70]","M","L","H","M","VH","L","M","H","M","VL","L","MH","L","M","ML",99700,230
"10018_201804","Manhattan","HousCond_[0,70]","MH","L","H","M","VH","M","MH","H","H","VL","L","MH","L","M","ML",72713,140
"10019_201804","Manhattan","HousCond_[200,350]","H","H","H","VH","VH","H","H","H","VH","H","MH","MH","MH","VH","H",79183,680
"10020_201804","Manhattan","HousCond_[0,70]","L","L","VL","L","L","VL","L","VL","L","VL","L","VL","L","M","ML",NA,NA
"10021_201804","Manhattan","HousCond_[70,200]","H","M","H","M","H","L","M","H","VH","VL","H","MH","L","M","ML",100716,420
"10022_201804","Manhattan","HousCond_[70,200]","MH","M","H","M","VH","H","H","H","VH","M","M","MH","M","VH","VH",115402,340
"10023_201804","Manhattan","HousCond_[70,200]","H","H","H","VH","VH","M","MH","H","VH","M","MH","MH","M","VH","H",102562,890
"10024_201804","Manhattan","HousCond_[200,350]","H","VH","H","H","VH","M","L","H","VH","L","MH","MH","L","M","ML",95411,770
"10025_201804","Manhattan","HousCond_[350,1789]","H","VH","H","H","VH","H","L","H","VH","H","H","MH","L","H","M",60117,1240
"10026_201804","Manhattan","HousCond_[70,200]","MH","VH","M","H","VH","H","L","M","VH","H","L","MH","H","OC","H",37412,630
"10027_201804","Manhattan","HousCond_[350,1789]","H","VH","H","H","VH","M","MH","H","VH","H","MH","MH","H","OC","VH",32967,800
"10028_201804","Manhattan","HousCond_[70,200]","H","H","H","M","VH","M","L","H","VH","L","MH","MH","M","H","M",92288,490
"10029_201804","Manhattan","HousCond_[350,1789]","H","VH","H","VH","VH","H","L","M","VH","H","M","MH","H","OC","VH",27511,1040
"10030_201804","Manhattan","HousCond_[200,350]","M","VH","L","M","M","M","L","M","VH","M","L","M","L","M","ML",27244,430
"10031_201804","Manhattan","HousCond_[350,1789]","H","VH","M","M","H","H","M","M","VH","H","MH","MH","H","VH","H",27613,1050
"10032_201804","Manhattan","HousCond_[350,1789]","MH","VH","M","H","VH","M","M","M","VH","H","M","MH","MH","OC","H",25832,1050
"10033_201804","Manhattan","HousCond_[350,1789]","H","VH","M","H","H","H","M","M","VH","H","MH","MH","L","M","ML",27527,1070
"10034_201804","Manhattan","HousCond_[350,1789]","MH","VH","L","H","VH","H","MH","L","VH","H","M","MH","L","M","M",28945,770
"10035_201804","Manhattan","HousCond_[200,350]","M","VH","M","M","H","H","L","M","VH","M","M","MH","H","OC","VH",28374,500
"10036_201804","Manhattan","HousCond_[70,200]","H","H","H","H","VH","H","H","H","VH","L","M","MH","H","OC","VH",66667,730
"10037_201804","Manhattan","HousCond_[70,200]","L","H","VL","M","M","M","L","M","H","VL","L","MH","MH","VH","M",37682,350
"10038_201804","Manhattan","HousCond_[0,70]","M","M","M","M","H","M","L","H","M","L","L","MH","MH","VH","M",60613,280
"10039_201804","Manhattan","HousCond_[200,350]","M","VH","VL","L","M","M","L","M","VH","VL","L","L","MH","VH","M",27743,480
"10040_201804","Manhattan","HousCond_[350,1789]","M","VH","L","VH","H","H","L","L","VH","H","M","MH","MH","VH","H",29011,870
"10044_201804","Manhattan","HousCond_[0,70]","L","L","VL","L","L","VL","L","L","L","VL","L","VL","L","M","ML",59375,100
"10065_201804","Manhattan","HousCond_[70,200]","MH","L","H","L","VH","L","MH","H","VH","M","L","MH","MH","VH","VH",97050,290
"10069_201804","Manhattan","HousCond_[0,70]","L","L","VL","L","L","VL","L","L","L","VL","L","VL","L","M","ML",166379,50
"10075_201804","Manhattan","HousCond_[0,70]","MH","M","M","M","H","M","L","H","H","M","L","M","M","H","H",96154,260
"10118_201804","Manhattan","HousCond_[0,70]","L","L","VL","L","L","VL","L","VL","L","VL","L","VL","L","M","ML",NA,NA
"10119_201804","Manhattan","HousCond_[0,70]","L","L","VL","L","L","VL","L","VL","L","VL","L","L","L","M","ML",NA,NA
"10120_201804","Manhattan","HousCond_[0,70]","L","L","VL","L","L","VL","L","VL","L","VL","L","VL","L","M","ML",NA,NA
"10121_201804","Manhattan","HousCond_[0,70]","L","L","VL","L","L","VL","L","VL","L","VL","L","L","L","M","ML",NA,NA
"10128_201804","Manhattan","HousCond_[70,200]","H","H","H","M","VH","M","H","H","VH","H","MH","MH","M","H","M",84479,720
"10280_201804","Manhattan","HousCond_[0,70]","L","L","VL","L","L","VL","L","M","L","VL","L","VL","L","M","ML",135088,80
"10281_201804","Manhattan","HousCond_[0,70]","L","L","VL","L","L","VL","L","VL","L","VL","L","VL","L","M","ML",NA,NA
"10282_201804","Manhattan","HousCond_[0,70]","L","L","VL","L","L","VL","L","VL","L","VL","L","VL","L","M","ML",NA,40
"10301_201804","Staten Island","HousCond_[70,200]","H","H","L","VH","VH","L","H","M","VH","L","H","M","H","VH","M",41304,450
"10302_201804","Staten Island","HousCond_[0,70]","M","M","VL","H","H","VL","M","L","VH","VL","H","M","L","M","ML",36022,210
"10303_201804","Staten Island","HousCond_[70,200]","MH","M","M","VH","VH","VL","H","VL","VH","VL","H","VL","M","M","ML",31845,310
"10304_201804","Staten Island","HousCond_[200,350]","MH","H","L","VH","VH","M","H","H","VH","H","H","L","MH","VH","M",34163,500
"10305_201804","Staten Island","HousCond_[0,70]","H","M","L","VH","VH","VL","H","M","VH","L","H","M","H","VH","H",42771,590
"10306_201804","Staten Island","HousCond_[0,70]","H","M","L","VH","VH","M","H","L","VH","VL","H","VL","H","VH","M",50248,820
"10307_201804","Staten Island","HousCond_[0,70]","M","L","VL","M","H","VL","L","M","VH","VL","H","VL","M","H","ML",60882,190
"10308_201804","Staten Island","HousCond_[0,70]","H","L","L","H","VH","L","H","M","VH","VL","H","VL","M","M","ML",57995,390
"10309_201804","Staten Island","HousCond_[0,70]","H","L","VL","VH","VH","VL","H","M","VH","VL","H","VL","M","H","M",60216,520
"10310_201804","Staten Island","HousCond_[0,70]","MH","H","L","H","VH","L","H","VL","VH","VL","H","VL","H","VH","M",39592,290
"10312_201804","Staten Island","HousCond_[0,70]","H","L","L","VH","VH","L","H","M","VH","M","H","L","MH","H","M",58992,920
"10314_201804","Staten Island","HousCond_[70,200]","H","H","L","VH","VH","L","H","M","VH","L","H","L","H","OC","H",49663,1160
"10451_201804","Bronx","HousCond_[350,1789]","MH","VH","H","VH","VH","L","M","H","VH","M","M","MH","H","OC","VH",23804,790
"10452_201804","Bronx","HousCond_[350,1789]","H","VH","M","VH","VH","H","H","L","VH","H","M","MH","H","OC","H",21194,1230
"10453_201804","Bronx","HousCond_[350,1789]","H","VH","H","VH","VH","M","M","L","VH","H","M","M","H","OC","VH",20189,1270
"10454_201804","Bronx","HousCond_[70,200]","M","H","L","H","VH","L","M","L","VH","L","MH","M","H","OC","VH",20329,510
"10455_201804","Bronx","HousCond_[350,1789]","M","VH","M","VH","VH","M","MH","M","VH","L","M","MH","H","OC","VH",21578,660
"10456_201804","Bronx","HousCond_[350,1789]","H","VH","M","VH","VH","L","MH","L","VH","M","M","MH","H","OC","VH",20590,1390
"10457_201804","Bronx","HousCond_[350,1789]","H","VH","M","VH","VH","M","M","M","VH","M","M","MH","H","OC","VH",20450,1010
"10458_201804","Bronx","HousCond_[350,1789]","MH","VH","M","VH","VH","M","MH","M","VH","M","M","MH","H","OC","VH",21645,1060
"10459_201804","Bronx","HousCond_[350,1789]","M","VH","L","VH","VH","H","M","L","VH","L","M","L","H","OC","H",21661,800
"10460_201804","Bronx","HousCond_[350,1789]","H","VH","M","VH","VH","L","M","M","VH","L","M","M","H","OC","VH",21507,890
"10461_201804","Bronx","HousCond_[200,350]","H","VH","M","VH","VH","H","MH","M","VH","M","H","MH","H","VH","H",38949,710
"10462_201804","Bronx","HousCond_[350,1789]","H","VH","M","VH","VH","L","MH","M","VH","L","MH","MH","MH","VH","M",33421,1130
"10463_201804","Bronx","HousCond_[350,1789]","H","VH","M","VH","VH","H","H","H","VH","M","H","MH","MH","H","M",40026,1020
"10464_201804","Bronx","HousCond_[0,70]","L","L","VL","M","H","L","MH","VL","M","L","L","VL","M","H","ML",58681,70
"10465_201804","Bronx","HousCond_[70,200]","H","H","L","VH","VH","VL","H","L","VH","VL","H","VL","MH","VH","M",45635,670
"10466_201804","Bronx","HousCond_[350,1789]","H","VH","L","VH","VH","VL","H","M","VH","L","H","MH","H","VH","H",29340,910
"10467_201804","Bronx","HousCond_[350,1789]","H","VH","M","VH","VH","M","MH","H","VH","M","H","MH","H","OC","VH",25353,1290
"10468_201804","Bronx","HousCond_[350,1789]","H","VH","M","VH","VH","M","M","M","VH","H","MH","MH","MH","VH","H",22045,1130
"10469_201804","Bronx","HousCond_[200,350]","H","H","M","VH","VH","L","H","VL","VH","L","H","VL","H","OC","H",33329,880
"10470_201804","Bronx","HousCond_[70,200]","L","L","VL","VH","H","L","M","L","VH","VL","M","L","L","M","ML",37758,220
"10471_201804","Bronx","HousCond_[70,200]","M","M","VL","H","VH","M","MH","VL","VH","L","MH","M","L","M","ML",65625,230
"10472_201804","Bronx","HousCond_[350,1789]","H","VH","L","VH","VH","H","MH","M","VH","M","MH","MH","H","OC","H",22298,920
"10473_201804","Bronx","HousCond_[70,200]","MH","VH","L","VH","VH","L","M","L","VH","H","MH","M","H","OC","VH",28967,1080
"10474_201804","Bronx","HousCond_[70,200]","M","H","VL","H","VH","L","L","VL","H","VL","M","L","H","VH","H",21471,160
"10475_201804","Bronx","HousCond_[0,70]","L","L","L","H","VH","VL","L","VL","M","VL","L","L","M","H","ML",40404,500
"11004_201804","Queens","HousCond_[0,70]","M","L","VL","L","VH","L","L","L","M","VL","M","VL","L","M","ML",51852,140
"11101_201804","Queens","HousCond_[70,200]","H","H","H","VH","VH","H","H","H","VH","M","MH","MH","H","OC","VH",49617,640
"11102_201804","Queens","HousCond_[70,200]","M","H","M","VH","VH","H","M","M","VH","L","L","M","M","H","M",40583,570
"11103_201804","Queens","HousCond_[70,200]","MH","H","M","VH","VH","H","MH","H","VH","M","MH","L","L","M","ML",41363,670
"11104_201804","Queens","HousCond_[70,200]","MH","H","M","M","H","L","M","M","VH","VL","MH","M","MH","H","M",41799,480
"11105_201804","Queens","HousCond_[70,200]","H","H","M","VH","VH","M","M","M","VH","L","MH","L","L","M","ML",43957,670
"11106_201804","Queens","HousCond_[70,200]","MH","H","M","VH","VH","H","MH","M","VH","L","M","MH","M","M","M",41159,680
"11201_201804","Brooklyn","HousCond_[70,200]","H","VH","H","VH","VH","H","H","H","VH","H","H","MH","H","OC","VH",86525,880
"11203_201804","Brooklyn","HousCond_[350,1789]","H","H","H","VH","VH","M","H","M","VH","L","H","MH","H","OC","VH",31239,1050
"11204_201804","Brooklyn","HousCond_[200,350]","H","H","L","VH","VH","VL","MH","L","VH","L","MH","M","MH","VH","H",24985,770
"11205_201804","Brooklyn","HousCond_[70,200]","H","VH","H","VH","VH","H","MH","M","VH","M","H","M","MH","VH","H",39029,560
"11206_201804","Brooklyn","HousCond_[350,1789]","H","VH","L","VH","VH","H","H","H","VH","M","H","MH","M","H","M",27212,1140
"11207_201804","Brooklyn","HousCond_[350,1789]","H","VH","M","VH","VH","M","H","M","VH","L","H","MH","H","OC","VH",24216,1390
"11208_201804","Brooklyn","HousCond_[350,1789]","H","VH","M","VH","VH","M","H","H","VH","M","H","MH","H","VH","VH",23222,1300
"11209_201804","Brooklyn","HousCond_[350,1789]","H","VH","H","VH","VH","H","H","H","VH","M","H","MH","MH","VH","M",48266,900
"11210_201804","Brooklyn","HousCond_[200,350]","H","H","M","VH","VH","L","H","M","VH","VL","H","MH","MH","H","M",35392,840
"11211_201804","Brooklyn","HousCond_[200,350]","H","VH","M","VH","VH","H","MH","H","VH","H","H","MH","H","OC","VH",45145,900
"11212_201804","Brooklyn","HousCond_[350,1789]","H","VH","H","VH","VH","L","H","M","VH","M","H","MH","M","M","M",23204,1190
"11213_201804","Brooklyn","HousCond_[350,1789]","H","VH","L","VH","VH","M","M","M","VH","M","H","MH","L","M","ML",28542,900
"11214_201804","Brooklyn","HousCond_[200,350]","H","H","H","VH","VH","M","H","M","VH","L","H","MH","H","VH","H",26909,1060
"11215_201804","Brooklyn","HousCond_[200,350]","H","VH","H","VH","VH","H","H","H","VH","M","H","MH","H","VH","H",72729,1030
"11216_201804","Brooklyn","HousCond_[350,1789]","H","VH","L","VH","VH","H","H","H","VH","M","H","MH","H","OC","VH",37515,960
"11217_201804","Brooklyn","HousCond_[70,200]","MH","VH","H","VH","VH","H","H","H","VH","M","H","MH","MH","VH","H",65482,660
"11218_201804","Brooklyn","HousCond_[200,350]","H","VH","M","VH","VH","M","H","H","VH","M","H","MH","L","H","ML",35855,790
"11219_201804","Brooklyn","HousCond_[70,200]","H","M","L","VH","VH","L","H","M","VH","L","H","MH","L","M","ML",20788,500
"11220_201804","Brooklyn","HousCond_[350,1789]","H","VH","H","VH","VH","H","H","M","VH","M","H","MH","H","OC","VH",18653,750
"11221_201804","Brooklyn","HousCond_[350,1789]","H","VH","M","VH","VH","H","M","H","VH","H","H","MH","H","OC","VH",29822,1220
"11222_201804","Brooklyn","HousCond_[70,200]","H","VH","M","VH","VH","H","H","H","VH","M","H","MH","M","H","M",52388,890
"11223_201804","Brooklyn","HousCond_[200,350]","H","H","M","VH","VH","L","H","M","VH","L","H","M","H","VH","H",27886,840
"11224_201804","Brooklyn","HousCond_[70,200]","MH","H","L","H","VH","L","H","M","VH","VL","M","L","H","OC","VH",25000,630
"11225_201804","Brooklyn","HousCond_[350,1789]","H","VH","M","VH","VH","H","MH","H","VH","H","H","MH","MH","H","H",35028,980
"11226_201804","Brooklyn","HousCond_[350,1789]","H","VH","H","VH","VH","M","H","H","VH","H","H","MH","H","OC","VH",29345,1610
"11228_201804","Brooklyn","HousCond_[70,200]","H","L","L","VH","VH","L","H","M","VH","VL","H","L","MH","VH","H",34944,460
"11229_201804","Brooklyn","HousCond_[200,350]","H","H","M","VH","VH","M","H","M","VH","M","H","MH","MH","VH","H",35469,860
"11230_201804","Brooklyn","HousCond_[350,1789]","H","VH","M","VH","VH","M","H","M","VH","L","H","MH","M","H","H",32638,810
"11231_201804","Brooklyn","HousCond_[0,70]","MH","M","M","VH","VH","H","M","H","VH","M","H","L","MH","VH","H",64239,570
"11232_201804","Brooklyn","HousCond_[70,200]","MH","H","L","VH","VH","M","M","M","VH","L","M","L","MH","VH","H",26118,290
"11233_201804","Brooklyn","HousCond_[350,1789]","H","VH","M","VH","VH","M","H","M","VH","M","H","MH","H","OC","VH",29243,1020
"11234_201804","Brooklyn","HousCond_[70,200]","H","H","H","VH","VH","M","H","M","VH","VL","H","M","H","OC","VH",42656,1140
"11235_201804","Brooklyn","HousCond_[350,1789]","H","H","H","VH","VH","H","H","H","VH","L","H","MH","MH","VH","M",32610,930
"11236_201804","Brooklyn","HousCond_[70,200]","H","H","H","VH","VH","M","H","L","VH","M","H","MH","H","OC","VH",33684,1430
"11237_201804","Brooklyn","HousCond_[200,350]","H","VH","M","VH","VH","H","MH","M","VH","H","H","MH","L","M","ML",29449,700
"11238_201804","Brooklyn","HousCond_[200,350]","H","VH","M","VH","VH","H","MH","H","VH","H","H","MH","MH","VH","H",54652,940
"11239_201804","Brooklyn","HousCond_[0,70]","L","L","L","M","M","VL","L","VL","L","VL","L","L","M","H","M",33201,210
"11249_201804","Brooklyn","HousCond_[70,200]","M","H","M","VH","VH","H","MH","H","VH","M","MH","M","H","VH","H",NA,NA
"11354_201804","Queens","HousCond_[70,200]","H","H","H","VH","VH","M","MH","M","VH","VL","MH","MH","M","H","M",21207,470
"11355_201804","Queens","HousCond_[200,350]","H","H","M","VH","VH","L","MH","M","VH","L","H","M","H","OC","H",18226,610
"11356_201804","Queens","HousCond_[0,70]","MH","L","M","VH","VH","L","MH","L","VH","VL","MH","L","M","M","M",27825,300
"11357_201804","Queens","HousCond_[0,70]","H","M","VL","VH","VH","M","H","M","VH","VL","H","VL","M","M","ML",51773,480
"11358_201804","Queens","HousCond_[70,200]","MH","L","L","VH","VH","M","H","M","VH","L","H","L","L","M","ML",34530,340
"11360_201804","Queens","HousCond_[0,70]","H","M","VL","M","H","VL","M","L","VH","VL","MH","VL","M","M","ML",62500,200
"11361_201804","Queens","HousCond_[0,70]","H","L","M","VH","VH","M","H","L","VH","VL","H","L","M","H","M",43186,310
"11362_201804","Queens","HousCond_[0,70]","M","L","VL","M","VH","VL","L","L","VH","VL","MH","VL","L","M","ML",55943,180
"11363_201804","Queens","HousCond_[0,70]","L","L","VL","L","H","L","M","L","VH","VL","MH","VL","L","M","ML",60054,70
"11364_201804","Queens","HousCond_[0,70]","H","L","L","VH","VH","VL","MH","M","VH","L","H","L","L","M","ML",45700,320
"11365_201804","Queens","HousCond_[0,70]","M","M","L","VH","VH","M","MH","L","VH","H","H","VL","M","H","M",36066,540
"11366_201804","Queens","HousCond_[0,70]","MH","M","VL","VH","VH","M","M","L","VH","H","MH","L","M","M","ML",42140,110
"11367_201804","Queens","HousCond_[0,70]","M","H","VL","VH","VH","VL","M","L","VH","VL","MH","L","L","M","ML",34024,410
"11368_201804","Queens","HousCond_[70,200]","H","VH","H","VH","VH","H","M","M","VH","M","H","MH","H","OC","VH",21766,960
"11369_201804","Queens","HousCond_[0,70]","H","H","H","VH","H","VL","M","L","VH","VL","M","L","M","M","M",25786,470
"11370_201804","Queens","HousCond_[0,70]","M","L","L","VH","VH","VL","L","L","VH","VL","M","VL","L","H","M",30188,340
"11371_201804","Queens","HousCond_[0,70]","L","L","VL","L","L","VL","L","VL","L","VL","L","VL","L","M","ML",NA,NA
"11372_201804","Queens","HousCond_[200,350]","H","VH","H","VH","VH","H","M","H","VH","M","MH","M","H","VH","H",29831,860
"11373_201804","Queens","HousCond_[350,1789]","MH","VH","L","VH","VH","M","MH","M","VH","M","MH","MH","H","OC","VH",23224,950
"11374_201804","Queens","HousCond_[70,200]","H","M","H","VH","VH","L","MH","M","VH","VL","MH","MH","M","H","M",43027,550
"11375_201804","Queens","HousCond_[70,200]","H","H","H","VH","VH","M","H","H","VH","L","H","MH","M","H","M",62500,900
"11377_201804","Queens","HousCond_[200,350]","H","VH","M","VH","VH","H","H","M","VH","M","H","MH","MH","VH","H",28957,1020
"11378_201804","Queens","HousCond_[0,70]","H","M","M","VH","VH","L","H","VL","VH","L","H","M","M","M","M",37998,490
"11379_201804","Queens","HousCond_[0,70]","H","M","L","VH","VH","VL","H","M","VH","L","H","L","MH","VH","H",48155,510
"11385_201804","Queens","HousCond_[350,1789]","H","VH","H","VH","VH","H","H","H","VH","H","H","MH","H","VH","H",34316,1510
"11411_201804","Queens","HousCond_[0,70]","MH","L","VL","H","VH","VL","MH","VL","VH","M","MH","VL","L","M","M",40439,250
"11412_201804","Queens","HousCond_[0,70]","H","L","L","VH","VH","L","H","L","VH","L","H","M","M","H","ML",34364,490
"11413_201804","Queens","HousCond_[70,200]","H","L","L","VH","VH","L","H","VL","VH","VL","H","L","L","M","ML",37739,540
"11414_201804","Queens","HousCond_[0,70]","H","L","VL","VH","VH","VL","H","L","VH","VL","MH","VL","MH","H","M",51316,420
"11415_201804","Queens","HousCond_[70,200]","M","M","L","H","H","M","L","VL","VH","VL","L","L","L","M","ML",48223,250
"11416_201804","Queens","HousCond_[0,70]","MH","M","L","VH","H","L","MH","VL","VH","L","L","L","MH","VH","H",25627,390
"11417_201804","Queens","HousCond_[70,200]","H","H","L","VH","VH","M","MH","VL","VH","VL","M","L","L","M","ML",32097,500
"11418_201804","Queens","HousCond_[70,200]","H","H","M","VH","VH","L","MH","M","VH","L","MH","M","MH","H","H",28899,470
"11419_201804","Queens","HousCond_[70,200]","H","VH","L","VH","VH","M","MH","L","VH","M","M","L","H","VH","H",24665,500
"11420_201804","Queens","HousCond_[70,200]","H","H","M","VH","VH","L","H","M","VH","L","H","L","MH","H","M",30934,570
"11421_201804","Queens","HousCond_[70,200]","MH","H","L","VH","VH","M","MH","L","VH","L","H","L","M","H","M",29402,610
"11422_201804","Queens","HousCond_[0,70]","M","L","L","VH","VH","M","H","L","VH","VL","MH","VL","MH","H","H",38027,410
"11423_201804","Queens","HousCond_[70,200]","H","M","VL","VH","H","L","H","L","VH","L","M","L","M","H","M",32596,320
"11426_201804","Queens","HousCond_[0,70]","H","L","VL","M","VH","VL","M","VL","VH","VL","MH","VL","M","M","ML",45254,180
"11427_201804","Queens","HousCond_[0,70]","MH","M","VL","H","VH","L","MH","VL","VH","VL","MH","L","M","M","ML",40603,250
"11428_201804","Queens","HousCond_[0,70]","M","M","VL","H","H","VL","H","L","VH","VL","H","L","M","H","M",35606,240
"11429_201804","Queens","HousCond_[0,70]","M","L","VL","VH","VH","VL","H","L","VH","VL","MH","L","MH","H","M",33661,330
"11430_201804","Queens","HousCond_[0,70]","L","L","H","L","L","VL","L","VL","L","VL","L","VL","L","M","ML",43750,0
"11432_201804","Queens","HousCond_[200,350]","H","H","M","VH","VH","H","H","M","VH","H","H","MH","M","H","M",27580,540
"11433_201804","Queens","HousCond_[70,200]","MH","M","L","VH","VH","L","H","VL","VH","L","MH","M","H","VH","VH",26359,440
"11434_201804","Queens","HousCond_[70,200]","H","M","M","VH","VH","L","H","VL","VH","L","H","MH","H","OC","VH",34441,820
"11435_201804","Queens","HousCond_[70,200]","MH","VH","M","VH","VH","M","H","M","VH","L","MH","MH","MH","H","M",29996,640
"11436_201804","Queens","HousCond_[0,70]","MH","M","VL","VH","H","VL","MH","VL","VH","L","M","VL","L","M","ML",31273,240
"11691_201804","Queens","HousCond_[200,350]","H","H","L","VH","VH","VL","H","L","VH","VL","M","MH","H","VH","VH",26100,590
"11692_201804","Queens","HousCond_[0,70]","L","M","VL","L","H","VL","L","L","VH","VL","L","VL","M","H","M",27872,280
"11693_201804","Queens","HousCond_[0,70]","M","M","VL","M","H","VL","M","L","H","VL","L","L","L","H","M",36364,230
"11694_201804","Queens","HousCond_[70,200]","H","M","VL","M","VH","L","MH","M","VH","VL","M","VL","M","M","ML",52621,240
"99999_201804","99999","HousCond_[350,1789]","H","L","L","L","VH","VL","L","L","VH","VL","L","MH","L","M","ML",NA,NA
